2, Avondale Brewing Co, Alabama
4, Band of Brothers Brewing Company, Alabama
44, Trim Tab Brewing, Alabama
46, Yellowhammer Brewery, Alabama
55, Bearpaw River Brewing Co, Alaska
76, King Street Brewing Co, Alaska
94, 1912 Brewing, Arizona
98, Bad Water Brewing, Arizona
107, BJs Restaurant & Brewery - Chandler, Arizona
127, Dragoon Brewing Co, Arizona
141, Grand Canyon Brewing Company, Arizona
163, Mudshark Brewing Co, Arizona
182, Richter Aleworks, Arizona
187, SanTan Brewing Co, Arizona
198, State 48 Brewery, Arizona
219, Wren House Brewing Company, Arizona
225, Brick Oven Pizza Co / Brick & Forge Brewing, Arizona
235, Diamond Bear Brewing Co, Arkansas
247, Lost Forty Brewing, Arkansas
