Avondale Brewing Co, 2
Band of Brothers Brewing Company, 4
Trim Tab Brewing, 44
Yellowhammer Brewery, 46
Bearpaw River Brewing Co, 55
King Street Brewing Co, 76
1912 Brewing, 94
Bad Water Brewing, 98
BJs Restaurant & Brewery - Chandler, 107
Dragoon Brewing Co, 127
Grand Canyon Brewing Company, 141
Mudshark Brewing Co, 163
Richter Aleworks, 182
SanTan Brewing Co, 187
State 48 Brewery, 198
Wren House Brewing Company, 219
Brick Oven Pizza Co / Brick & Forge Brewing, 225
Diamond Bear Brewing Co, 235
Lost Forty Brewing, 247
